title,price,rating,availability
"Digital Camera, FHD 1080P Digital Camera for Kids Video Camera with 32GB SD Card 16X Digital Zoom, Compact Point and Shoot Camera Portable Small Camera for Teens Students Boys Girls Seniors(Black)",$41.64,4.6 out of 5 stars,In Stock
Canon EOS Rebel T7 DSLR Camera with 18-55mm Lens | Built-in Wi-Fi | 24.1 MP CMOS Sensor | DIGIC 4+ Image Processor and Full HD Videos,,4.7 out of 5 stars,In Stock
"Digital Cameras for Photography, 4K 48MP Vlogging Camera 16X Digital Zoom Manual Focus Rechargeable Students Compact Camera with 52mm Wide-Angle Lens & Macro Lens, 32G Micro Card and 2 Batteries",$119.99,3.8 out of 5 stars,In Stock
"Logitech C270 HD Webcam, 720p/30fps, Widescreen HD Video Calling, HD Light Correction, Noise-Reducing Mic, for Skype, FaceTime, Hangouts, WebEx, PC/Mac/Laptop/MacBook/Tablet - Black",,4.4 out of 5 stars,In Stock
"Logitech C920x HD Pro Webcam, Full HD 1080p/30fps Video Calling, Clear Stereo Audio, HD Light Correction, Works with Skype, Zoom, FaceTime, Hangouts, PC/Mac/Laptop/Macbook/Tablet - Black",$89.00,4.6 out of 5 stars,In Stock
"Logitech Brio 4K Webcam, Ultra 4K HD Video Calling, Noise-Canceling mic, HD Auto Light Correction, Wide Field of View, Works with Microsoft Teams, Zoom, Google Voice, PC/Mac/Laptop/Macbook/Tablet",$138.00,4.6 out of 5 stars,
"Logitech Hd Webcam C270, 720p Widescreen Video Calling & Recording (960-000694), 3.15 Lb",$24.99,4.4 out of 5 stars,In Stock
Logitech C922 1920 x 1080pixels USB Black Webcam,$67.41,4.6 out of 5 stars,Only 11 left in stock - order soon
"Logitech HD Laptop Webcam C615 with Fold-and-Go Design, 360-Degree Swivel, 1080p Camera",$40.97,4.5 out of 5 stars,In Stock
Desuccus Kids Camera Toddler Toys Christmas Birthday Gifts for Boys and Girls Kids Toys 3-9 Year Old HD Video Digital Video Camera for Toddler 5 Puzzle Games with 32GB SD Card (Blue),$25.99,4.3 out of 5 stars,In Stock
"Digital Camera, FHD 1080P Digital Camera for Kids Video Camera with 32GB SD Card 16X Digital Zoom, Compact Point and Shoot Camera Portable Small Camera for Teens Students Boys Girls Seniors(Black)",$41.64,4.6 out of 5 stars,In Stock
Canon EOS Rebel T7 DSLR Camera with 18-55mm Lens | Built-in Wi-Fi | 24.1 MP CMOS Sensor | DIGIC 4+ Image Processor and Full HD Videos,,4.7 out of 5 stars,In Stock
"Fujifilm Instax Mini 11 Instant Camera - Blush Pink 4.8"" x 4.2"" x 2.6""",,4.7 out of 5 stars,In Stock
The Camera Man: A DC Smith Investigation,,4.8 out of 5 stars,Not available
"VJIANGER Digital Camera for Photography 4K 48MP Vlogging Camera for YouTube with WiFi, 16X Digital Zoom, 52mm Wide Angle & Macro Lens, 2 Batteries, 32GB TF Card(W02-Black2)",$119.99,3.9 out of 5 stars,In Stock
"Digital Camera with 32GB SD Card, VJIANGER 4K 48MP Vlogging Camera with 2.8"" Screen, 16X Digital Zoom, Mini Point and Shoot Camera for Kids Tees Aldults with 2 Batteries &Tripod(DC6-6 Silver)",$69.99,5.0 out of 5 stars,In Stock
"Digital Camera for Photograohy and Video VJIANGER 4K 48MP WiFi Vlogging Camera with 180° Flip Screen, 16X Digital Zoom, 52mm Wide Angle & Macro Lens, 2 Batteries and 32GB TF Card(W02 Black3)",$119.99,4.0 out of 5 stars,In Stock
"KODAK EKTAR H35 Half Frame Film Camera, 35mm, Reusable, Focus-Free, Lightweight, Easy-to-Use (Sage) (Film & AAA Battery are not Included)",$48.90,4.3 out of 5 stars,In Stock
"32GB Hidden Camera, Spy Camera, Pen Camera with FHD1080P, Nanny Cam with 180 Minutes Battery Life, Body Camera for Home Security or Classroom Learning",$34.99,4.3 out of 5 stars,In Stock
"Digital Camera for Kids Teens Boys Girls Adults 4K 44MP with 32GB SD Card, 2.4 Inch Point and Shoot Camera with16X Digital Zoom, Compact Mini Camera Kids Camera for Students Seniors（Black1）",$39.99,3.8 out of 5 stars,In Stock
"2.7K Digital Camera 30MP Compact Camera Portable Camera for Boys, Girls,Adult,Beginners (with 32GB SD Card and 2 Battery)",$99.99,4.9 out of 5 stars,In Stock
"UIKICON Digital Camera,FHD 4K 44MP Kids Camera Video Camera with 32GB SD Card 16X Digital Zoom, Compact Point and Shoot Camera Portable Small Camera for Teens Students Boys Girls-Pink",$35.99,3.8 out of 5 stars,In Stock
"Kid Camera,ARNSSIEN Camera for Kid,2.4in IPS Screen Digital Camera,180°Flip Len Student Camera,Children Selfie Camera with Playback Game,Christmas/Birthday Gift for 4 5 6 7 8 9 10 11 Year Old Girl Boy",$19.99,4.6 out of 5 stars,In Stock
"4K Digital Camera for Photography and Video [Autofocus & Anti-Shake] 48MP Vlogging Camera with SD Card, 3'' 180° Flip Screen Compact Camera with Flash, 16X Digital Zoom Travel Camera (2 Batteries)",$115.99,4.4 out of 5 stars,In Stock
"Kasa Indoor Pan/Tilt Smart Security Camera, 1080p HD Dog Camera 2.4GHz with Night Vision, Motion Detection for Baby and Pet Monitor, Cloud & SD Card Storage, Works with Alexa & Google Home (EC70)",,4.4 out of 5 stars,In Stock
"Blink Mini – Compact indoor plug-in smart security camera, 1080p HD video, night vision, motion detection, two-way audio, easy set up, Works with Alexa – 1 camera (White)",,4.4 out of 5 stars,Currently unavailable.    We don't know when or if this item will be back in stock.
"Saneen Digital Camera, 4K & 56MP Cameras for Photography, Small & Compact Vlogging Video Camera for Teens, Kids, Beginners, Equipped with 16X Digital Zoom, 32GB SD Card & 2 Rechargeable Batteries",$79.99,5.0 out of 5 stars,In Stock
